{"version": 2, "width": 178, "height": 45, "timestamp": 1546992932, "env": {"SHELL": "/usr/local/bin/fish", "TERM": "xterm-256color"}}
[0.187865, "o", "\u001b]0;~/Dropbox/dev/madison/guess_my_number\u0007"]
[0.190092, "o", "[\u001b[1;36mjrheard\u001b[00m@MacBook-Air-2:\u001b[1;32m~/Dropbox/dev/madison/guess_my_number\u001b[00m]\u001b[1;33m (master *) \u0001\u001b[00m🚂  "]
[0.9913, "o", "p"]
[1.218711, "o", "y"]
[1.337413, "o", "t"]
[1.393199, "o", "h"]
[1.477816, "o", "o"]
[1.600393, "o", "n"]
[1.647522, "o", " "]
[1.776997, "o", "g"]
[1.866692, "o", "u"]
[1.934339, "o", "e"]
[1.975282, "o", "s"]
[2.10909, "o", "s"]
[2.288289, "o", "\u0007"]
[2.28857, "o", "_my_number"]
[3.010262, "o", "."]
[3.152204, "o", "py "]
[3.799002, "o", "\r\n"]
[4.243463, "o", "I've picked a number between 1 and 100. Try to guess it!\r\nPick a number: "]
[6.018545, "o", "5"]
[6.118295, "o", "0"]
[6.329015, "o", "\r\n"]
[6.329187, "o", "Your guess is too low!\r\nPick a number: "]
[7.448367, "o", "8"]
[7.6421, "o", "0"]
[7.760528, "o", "\r\n"]
[7.760828, "o", "Your guess is too high!\r\nPick a number: "]
[9.144482, "o", "7"]
[9.305877, "o", "0"]
[9.463629, "o", "\r\n"]
[9.46384, "o", "Your guess is too high!\r\nPick a number: "]
[10.577995, "o", "5"]
[11.082742, "o", "\b \b"]
[11.184023, "o", "6"]
[11.256482, "o", "0"]
[11.362094, "o", "\r\n"]
[11.362335, "o", "Your guess is too high!\r\nPick a number: "]
[12.992954, "o", "5"]
[13.139642, "o", "5"]
[13.258062, "o", "\r\n"]
[13.258382, "o", "Your guess is too low!\r\nPick a number: "]
[14.414039, "o", "5"]
[14.656391, "o", "8"]
[14.847653, "o", "\r\n"]
[14.848137, "o", "Your guess is too low!\r\nPick a number: "]
[15.821455, "o", "5"]
[15.962321, "o", "9"]
[16.442252, "o", "\r\n"]
[16.442825, "o", "You guessed my number, it was 59! Great work! Game over!\r\n"]
[16.52459, "o", "\u001b]0;~/Dropbox/dev/madison/guess_my_number\u0007"]
[16.524818, "o", "[\u001b[1;36mjrheard\u001b[00m@MacBook-Air-2:\u001b[1;32m~/Dropbox/dev/madison/guess_my_number\u001b[00m]\u001b[1;33m (master *) \u0001\u001b[00m🚂  "]
[25.163444, "o", "\r\n"]
[25.240022, "o", "\u001b]0;~/Dropbox/dev/madison/guess_my_number\u0007"]
[25.240246, "o", "[\u001b[1;36mjrheard\u001b[00m@MacBook-Air-2:\u001b[1;32m~/Dropbox/dev/madison/guess_my_number\u001b[00m]\u001b[1;33m (master *) \u0001\u001b[00m🚂  "]
[25.480902, "o", "logout\r\n"]
