{"version": 2, "width": 178, "height": 47, "timestamp": 1549414455, "env": {"SHELL": "/usr/local/bin/fish", "TERM": "xterm-256color"}}
[0.171853, "o", "\u001b]0;~/Dropbox/dev/madison/tictactoe\u0007"]
[0.172846, "o", "[\u001b[1;36mjrheard\u001b[00m@MacBook-Air-2:\u001b[1;32m~/Dropbox/dev/madison/tictactoe\u001b[00m]\u001b[1;33m (master *) \u0001\u001b[00m🚂  "]
[1.938101, "o", "p"]
[2.093194, "o", "y"]
[2.224106, "o", "t"]
[2.336264, "o", "h"]
[2.383982, "o", "o"]
[2.472235, "o", "n"]
[2.520291, "o", " "]
[2.59222, "o", "t"]
[2.681209, "o", "i"]
[2.757356, "o", "c"]
[2.959897, "o", "t"]
[3.031849, "o", "a"]
[3.234873, "o", "\u0007ctoe"]
[3.806364, "o", "."]
[3.926796, "o", "py "]
[4.750821, "o", "\r\n"]
[5.114155, "o", "Welcome to Tic-Tac-Toe!\r\n"]
[5.114383, "o", "Do you want to be X or O?\r\n"]
[6.690808, "o", "X"]
[7.132385, "o", "\r\n"]
[7.132663, "o", "The computer will go first.\r\n"]
[7.132831, "o", "\u001b[34m\u001b[22mO\u001b[39m\u001b[22m |   |  \r\n  |   |  \r\n  |   |  \r\nChoose an index (0-8): "]
[8.614651, "o", "1"]
[9.044526, "o", "\r\n"]
[9.045143, "o", "\u001b[34m\u001b[22mO\u001b[39m\u001b[22m | \u001b[31m\u001b[22mX\u001b[39m\u001b[22m | \u001b[34m\u001b[22mO\u001b[39m\u001b[22m\r\n  |   |  \r\n  |   |  \r\n"]
[9.045398, "o", "Choose an index (0-8): "]
[11.647128, "o", "4"]
[12.645154, "o", "\r\n"]
[12.645804, "o", "\u001b[34m\u001b[22mO\u001b[39m\u001b[22m | \u001b[31m\u001b[22mX\u001b[39m\u001b[22m | \u001b[34m\u001b[22mO\u001b[39m\u001b[22m\r\n\u001b[34m\u001b[22mO\u001b[39m\u001b[22m | \u001b[31m\u001b[22mX\u001b[39m\u001b[22m |  \r\n"]
[12.646116, "o", "  |   |  \r\nChoose an index (0-8): "]
[16.224778, "o", "7"]
[17.624057, "o", "\r\n"]
[17.624549, "o", "-------------------\r\nThe player wins!\r\n"]
[17.625002, "o", "\u001b[34m\u001b[22mO\u001b[39m\u001b[22m | \u001b[31m\u001b[22mX\u001b[39m\u001b[22m | \u001b[34m\u001b[22mO\u001b[39m\u001b[22m\r\n\u001b[34m\u001b[22mO\u001b[39m\u001b[22m | \u001b[31m\u001b[22mX\u001b[39m\u001b[22m |  \r\n  | \u001b[31m\u001b[22mX\u001b[39m\u001b[22m |  \r\n"]
[17.706393, "o", "\u001b]0;~/Dropbox/dev/madison/tictactoe\u0007"]
[17.706593, "o", "[\u001b[1;36mjrheard\u001b[00m@MacBook-Air-2:\u001b[1;32m~/Dropbox/dev/madison/tictactoe\u001b[00m]\u001b[1;33m (master *) \u0001\u001b[00m🚂  "]
[28.549852, "o", "\r\n"]
[28.621497, "o", "\u001b]0;~/Dropbox/dev/madison/tictactoe\u0007"]
[28.621784, "o", "[\u001b[1;36mjrheard\u001b[00m@MacBook-Air-2:\u001b[1;32m~/Dropbox/dev/madison/tictactoe\u001b[00m]\u001b[1;33m (master *) \u0001\u001b[00m🚂  "]
[29.149604, "o", "logout\r\n"]
